x,y
6275755,1538971
6283750,1544290
6268390,1539280
6268390,1539280
6264000,1538250
6265940,1536510
6265940,1536510
6265940,1536510
6259160,1538460
6255100,1538925
6254924,1538831
6253443,1538727
6247821,1538112
6247800,1538090
6247800,1538090
6242620,1543480
6247000,1545000
6246416,1544878
6258229,1547014
6258229,1547014
6258229,1547014
6257925,1547000
6265500,1548960
6265500,1548960
6274345,1547035
6272863,1551353
6272850,1551350
6275109,1551101
6275120,1551070
6280360,1553610
6286146,1554808
6287745,1555230
6286318,1554662
6286150,1554760
6286150,1554760
6287450,1555124
6288310,1555360
6288553,1555531
6294638,1557215
6294680,1557245
6294068,1557129
6296547,1557031
6296674,1556961
6301200,1559250
6301650,1554900
6305905,1555861
6306080,1555677
6306078,1555725
6306070,1555680
6306070,1555680
6306077,1555678
6306080,1555677
6313870,1559570
6310650,1562890
6338240,1573270
6332312,1571584
6332312,1571584
6347210,1575720
6268390,1539280
6258229,1547014
6332300,1571550
6241046,1542160
6268584,1539618
6258229,1547014
6258229,1547014
6258229,1547014
6258229,1547014
6258175,1547975
6283980,1553825
6296674,1556961
6313876,1559575
6306058,1555224
6258231,1547009
6258175,1547975
6258229,1547014
6258229,1547014
6258229,1547014
6258229,1547014
6260250,1547450
6248301,1538058
6265963,1536554
6265963,1536554
6265963,1536554
6290610,1556250
6266075,1536570
6306175,1555450
6306175,1555450
6258229,1547014
6258229,1547014
6258229,1547014
6258229,1547014
6306080,1555677
6241046,1542160
6272910,1551350
6306591,1556111
6306591,1556111
6300510,1552460
6268390,1539280
6268390,1539280
6258229,1547014
6305200,1551150
6305149,1551322
6296674,1556961
6306200,1555350
6306200,1555350
6306250,1555625
6306200,1555350
6306200,1555350
6265950,1536501
6272910,1551350
6306080,1555677
6306083,1555664
6306080,1555677
6306080,1555677
6306080,1555677
6306080,1555677
6306080,1555677
6306080,1555677
6306080,1555677
6306080,1555677
6306080,1555677
6306080,1555677
6306080,1555677
6306080,1555677
6306080,1555677
6306080,1555677
6306080,1555677
6306080,1555677
6306080,1555677
6306080,1555677
6306080,1555677
6306080,1555677
6306080,1555677
6306080,1555677
6306080,1555677
6306080,1555677
6306080,1555677
6306080,1555677
6306080,1555677
6306080,1555677
6306080,1555677
6306080,1555677
6306080,1555677
6306080,1555677
6306080,1555677
6306080,1555677
6306080,1555677
6306080,1555677
6306080,1555677
6306080,1555677
6306080,1555677
6306080,1555677
6306080,1555677
6306080,1555677
6306080,1555677
6306080,1555677
6306080,1555677
6306080,1555677
6306080,1555677
6306080,1555677
6306080,1555677
6306080,1555677
6306080,1555677
6306080,1555677
6306080,1555677
6306080,1555677
6306080,1555677
6306080,1555677
6306080,1555677
6306080,1555677
6306080,1555677
6306080,1555677
6308300,1559000
6306080,1555677
6306080,1555677
6306080,1555677
6306080,1555677
6306080,1555677
6306400,1555950
6332300,1571550
6296674,1556961
6260689,1546647
6303613,1552391
6263500,1547800
6276000,1546300
6332312,1571584
6305170,1551290
6480150,1453100
6476907,1451684
6476907,1451684
6476907,1451684
6476907,1451684
6476907,1451684
6484900,1455914
6484926,1455889
6488392,1458285
6476250,1504025
6475631,1496854
6475645,1496863
6494284,1534535
6494286,1534524
6496069,1533510
6489710,1538990
6489710,1538990
6489714,1538977
6489650,1539100
6487034,1538244
6488210,1538482
6486658,1537221
6491550,1540250
6491611,1540097
6487100,1545900
6487164,1544957
6487000,1545250
6487000,1545250
6489494,1531837
6489494,1531837
6486130,1540661
6486125,1540663
6486122,1540667
6486920,1538800
6484317,1466583
6484310,1466570
6484310,1466570
6484310,1466570
6483355,1466523
6481320,1466500
6478007,1461278
6480399,1470301
6480190,1468479
6498895,1521347
6504350,1523525
6504148,1523406
6501000,1521000
6501000,1521000
6501000,1521000
6473782,1437879
6473300,1437450
6469778,1435890
6469778,1435890
6469778,1435890
6469778,1435890
6469778,1435890
6469778,1435890
6469778,1435890
6469700,1435900
6479500,1441420
6483684,1477102
6478440,1459525
6474962,1460543
6472382,1453166
6472380,1453180
6472366,1453172
6458981,1455471
6458947,1455421
6458982,1455477
6458980,1455464
6459000,1458000
6473183,1448098
6473183,1448098
6473183,1448098
6473183,1448098
6473330,1448100
6472647,1448200
6471010,1458710
6471010,1458710
6471010,1458710
6471020,1458705
6471010,1458710
6471010,1458710
6471010,1458710
6471010,1458710
6471010,1458710
6471010,1458710
6469825,1456586
6468075,1457700
6468030,1457776
6474435,1462671
6465388,1449177
6465005,1444816
6465555,1447602
6465408,1447694
6467557,1448003
6458500,1459100
6458336,1458690
6483537,1536795
6467989,1537696
6482765,1532250
6481000,1483900
6481155,1483886
6479830,1485801
6477106,1483501
6477115,1483500
6477091,1483552
6477086,1483544
6473600,1481900
6475123,1481268
6471744,1495270
6472600,1493800
6477583,1489920
6469254,1485767
6469373,1488064
6469116,1488421
6472028,1485402
6471995,1485402
6472030,1485400
6472030,1485400
6471998,1485416
6472911,1485641
6472028,1485402
6472750,1485500
6431826,1495068
6432200,1494800
6421800,1509000
6476490,1489470
6476475,1489425
6476300,1489000
6463087,1435393
6463071,1435396
6459092,1434904
6467923,1447212
6467920,1447201
6463973,1439596
6465095,1443052
6467230,1444472
6462153,1432559
6462153,1432559
6462153,1432559
6457880,1435653
6457880,1435653
6456875,1432388
6495609,1529714
6495621,1529712
6492607,1531384
6492599,1531367
6492700,1531015
6492623,1531354
6492636,1531346
6491382,1529696
6493274,1527057
6493277,1527049
6495161,1525603
6489698,1528382
6489706,1528378
6489692,1528380
6490770,1509823
6490778,1509816
6495770,1508133
6493998,1511406
6490198,1455564
6474883,1457995
6475493,1458711
6474860,1457970
6475485,1458740
6481280,1506910
6479900,1517000
6483146,1510848
6483147,1510847
6483130,1510840
6482730,1510530
6482730,1510530
6484135,1513792
6484300,1530000
6481000,1447000
6481250,1446550
6465549,1475991
6479966,1479075
6479934,1479068
6481508,1479427
6471590,1474625
6471590,1474625
6470190,1476150
6469800,1475600
6472950,1478600
6469724,1478932
6473515,1479895
6472750,1472500
6471950,1479675
6473590,1464481
6473630,1464480
6465540,1459430
6462860,1459875
6465599,1459504
6477100,1466350
6468240,1466140
6463920,1465660
6470369,1467996
6472929,1467533
6472929,1467554
6471800,1471130
6471950,1471350
6471709,1472833
6471722,1472844
6471721,1472830
6472347,1472985
6473276,1468672
6471850,1472450
6477670,1473227
6478619,1474449
6409400,1457400
6414839,1467096
6412579,1466704
6426603,1460841
6485997,1506497
6486295,1500778
6480950,1501420
6480917,1501420
6480937,1501319
6478504,1500021
6498960,1544517
6495917,1546314
6495917,1546314
6495932,1544468
6494925,1546025
6490970,1548416
6495739,1539036
6495723,1538974
6495721,1538991
6495731,1538990
6495732,1539000
6495725,1539002
6499709,1540577
6472955,1478747
6474915,1457950
6473183,1448098
6473178,1448114
6473178,1448114
6471793,1471071
6498602,1519254
6479600,1441200
6484389,1483109
6463528,1431870
6496750,1522650
6496000,1545000
6477150,1466278
6485017,1496419
6472346,1453104
6471605,1474621
6472438,1453174
6484317,1466583
6476502,1489505
6476502,1489505
6476502,1489505
6476502,1489505
6476502,1489505
6420120,1464420
6473782,1437879
6473782,1437879
6475012,1457916
6475012,1457916
6475012,1457916
6475012,1457916
6475012,1457916
6475012,1457916
6475491,1458716
6475012,1457916
6480810,1494547
6473180,1448100
6475020,1457900
6471767,1471097
6495610,1529770
6495610,1529770
6473183,1448098
6473183,1448098
6473180,1448100
6473180,1448100
6467340,1495496
6483151,1510840
6495717,1538980
6474860,1457970
6484450,1529900
6475012,1457916
6475012,1457916
6475240,1457760
6479498,1441437
6479498,1441437
6481025,1446750
6463078,1435379
6476500,1489565
6469778,1435890
6469778,1435890
6469778,1435890
6469778,1435890
6469778,1435890
6469778,1435890
6469778,1435890
6469778,1435890
6469778,1435890
6469778,1435890
6484317,1466583
6484310,1466570
6462752,1450353
6462752,1450353
6462752,1450353
6474519,1441874
6496305,1522135
6420120,1464420
6482973,1465298
6475240,1457760
6475240,1457760
6475250,1457775
6475250,1457775
6477450,1490100
6480117,1546299
6476494,1489459
6476502,1489505
6489705,1528333
6498602,1519254
6498601,1519254
6484302,1529889
6484302,1529889
6484302,1529889
6484302,1529889
6484325,1529830
6483976,1530896
6471771,1471093
6484284,1529996
6480150,1453100
6495304,1508041
6465551,1447573
6469200,1450550
6482620,1532300
6484275,1530250
6484450,1529900
6484425,1530000
6486660,1467120
6480612,1450644
6465870,1448450
6462160,1432570
6476540,1446830
6474525,1441930
6480612,1450644
6480612,1450644
6479498,1441437
6474860,1457970
6476400,1489000
6476000,1489000
6476502,1489505
6476502,1489505
6476502,1489505
6476502,1489505
6476502,1489505
6475643,1496878
6475643,1496878
6475400,1458000
6464250,1432680
6480399,1470301
6480399,1470301
6480399,1470301
6473180,1448100
6473183,1448098
6473183,1448098
6473183,1448098
6473183,1448098
6473183,1448098
6473183,1448098
6473183,1448098
6473183,1448098
6473183,1448098
6473183,1448098
6473183,1448098
6473183,1448098
6473183,1448098
6473183,1448098
6473183,1448098
6473183,1448098
6473183,1448098
6473183,1448098
6473183,1448098
6473183,1448098
6473183,1448098
6473183,1448098
6473183,1448098
6473183,1448098
6473183,1448098
6473183,1448098
6473183,1448098
6473183,1448098
6473183,1448098
6473183,1448098
6473183,1448098
6473183,1448098
6473183,1448098
6473183,1448098
6473183,1448098
6473183,1448098
6473183,1448098
6473183,1448098
6473183,1448098
6473183,1448098
6473183,1448098
6473183,1448098
6473183,1448098
6473183,1448098
6473183,1448098
6473183,1448098
6473183,1448098
6473183,1448098
6473183,1448098
6473183,1448098
6473183,1448098
6471191,1448082
6496800,1519750
6483897,1528748
6480943,1501415
6469778,1435890
6469778,1435890
6469778,1435890
6469778,1435890
6474519,1441874
6474519,1441874
6474519,1441874
6474519,1441874
6474519,1441874
6474519,1441874
6484389,1483109
6484389,1483109
6484389,1483109
6484389,1483109
6484389,1483109
6486500,1484500
6481260,1475978
6481260,1475978
6467460,1448880
6469120,1450570
6476490,1489470
6464120,1431914
6475498,1458704
6475250,1457775
6475250,1457775
6475250,1457775
6475250,1457775
6475250,1457775
6475250,1457775
6475250,1457775
6495267,1545695
6469778,1435890
6469778,1435890
6469778,1435890
6469778,1435890
6469778,1435890
6484349,1510160
6480150,1453100
6480650,1446200
6480612,1450644
6480612,1450644
6480612,1450644
6480612,1450644
6480612,1450644
6475200,1457850
6480612,1450644
6480612,1450644
6480612,1450644
6480612,1450644
6480620,1450640
6463386,1431810
6464250,1432680
6464250,1432680
6464250,1432680
6464250,1432680
6476502,1489505
6484399,1483113
6484399,1483113
6484399,1483113
6484399,1483113
6484399,1483113
6476500,1489050
6476500,1489050
6475040,1458160
6471010,1458710
6476750,1464950
6550960,1576940
6541996,1578138
6552826,1575325
6552826,1575325
6552826,1575325
6552826,1575325
6552457,1577164
6555407,1580542
6555059,1580917
6549488,1586194
6553990,1568137
6553993,1568148
6557820,1564130
6552777,1580361
6552766,1580356
6551948,1585446
6552000,1584000
6544860,1602508
6544704,1598730
6547767,1600458
6549137,1606800
6543343,1606853
6543298,1606135
6545250,1606250
6536205,1597517
6535306,1596329
6533938,1597186
6536874,1597896
6539239,1599096
6539239,1599096
6539570,1599872
6539102,1599159
6539159,1593563
6539100,1593600
6541000,1600100
6541000,1600100
6535896,1599001
6539839,1593211
6537132,1597914
6535916,1599012
6534532,1594687
6534767,1595273
6533871,1594813
6534119,1596077
6513830,1563599
6517045,1567467
6524100,1554750
6525055,1554602
6519682,1557039
6520707,1552080
6513625,1560905
6514987,1570120
6531783,1552877
6531236,1548362
6537794,1546491
6537837,1546676
6537152,1549712
6536602,1548764
6547012,1533520
6528783,1556681
6533600,1558750
6528926,1558623
6540796,1539353
6538600,1531970
6540545,1531949
6535175,1533200
6546275,1536126
6544300,1533500
6543450,1540700
6544150,1532050
6541570,1545342
6549175,1501500
6547500,1506000
6539934,1504721
6544565,1516345
6526805,1551664
6577252,1526094
6577237,1526097
6577237,1526097
6586041,1535300
6584100,1537375
6584100,1537375
6589585,1530281
6589587,1530291
6589587,1530291
6590762,1526987
6574235,1517240
6573993,1520185
6573000,1520000
6587529,1544847
6588190,1544220
6587000,1543000
6577200,1536817
6573735,1537230
6573700,1537200
6573738,1537221
6587998,1550327
6588000,1550325
6588003,1550305
6588018,1550278
6588004,1550301
6591489,1547052
6591900,1551500
6591209,1551569
6584669,1548037
6584077,1549708
6585049,1549279
6583972,1542023
6583988,1542013
6584047,1542090
6584063,1543807
6577286,1541434
6576535,1541452
6576524,1541454
6576500,1541500
6577030,1541465
6590618,1547137
6590633,1547155
6589291,1545279
6588139,1542194
6566157,1545438
6518600,1567100
6520652,1566099
6520671,1566089
6529164,1578950
6529156,1578957
6526535,1578043
6529058,1578942
6532832,1568321
6532833,1568321
6530636,1567035
6531821,1566620
6533296,1570224
6532222,1567075
6533501,1576485
6534150,1575350
6534550,1571500
6534451,1574499
6534448,1574497
6534202,1571951
6534199,1571945
6534594,1574541
6529165,1585967
6530565,1571393
6525883,1572495
6529718,1574161
6529718,1574161
6530350,1572791
6529681,1574167
6530495,1572100
6530474,1572117
6528550,1575730
6531051,1573892
6528063,1571886
6528233,1572463
6525626,1570498
6525750,1570850
6528061,1570774
6527182,1570685
6527939,1571308
6527781,1562799
6527781,1562799
6527781,1562799
6524292,1566203
6523538,1565270
6531921,1574367
6531909,1574370
6532576,1572990
6532576,1572990
6519700,1574300
6520907,1575712
6530537,1583488
6528151,1583787
6527961,1584677
6596538,1570290
6595859,1570520
6571990,1580284
6571986,1580282
6571536,1580593
6571512,1580605
6573962,1581700
6567835,1583066
6571175,1578600
6573531,1581155
6571964,1577697
6574250,1582600
6574250,1582600
6578003,1580345
6582094,1578591
6582094,1578591
6571462,1596209
6584924,1582524
6585911,1578939
6586000,1579500
6588725,1581050
6588640,1581038
6583135,1581871
6583092,1581921
6585409,1578683
6586573,1582178
6586331,1578569
6590038,1582306
6584050,1579071
6584002,1579072
6589459,1575293
6589472,1575263
6589444,1575288
6589450,1575265
6589445,1575300
6587265,1577995
6588614,1576253
6587873,1578092
6585741,1577748
6591921,1577505
6588127,1576184
6544758,1615410
6549600,1614600
6542292,1615929
6547806,1614921
6542334,1617200
6542334,1617200
6542334,1617200
6550848,1614773
6548614,1614925
6549536,1619359
6549532,1619359
6553129,1615136
6542476,1614165
6547800,1619600
6544000,1615400
6544000,1615400
6548845,1619779
6548972,1619715
6548978,1619713
6548983,1619711
6553532,1620091
6556278,1634679
6555736,1632373
6555750,1632450
6548554,1626819
6557517,1632035
6556970,1627892
6554502,1629967
6554680,1629980
6556968,1629243
6554826,1627866
6557104,1629712
6556600,1628000
6538185,1620334
6543700,1622550
6544517,1623414
6539343,1617972
6540047,1618362
6540700,1619000
6541464,1618985
6538336,1621978
6539387,1619954
6539387,1619954
6539421,1619962
6559454,1635765
6556929,1635368
6556915,1635622
6555825,1635091
6557481,1635369
6559232,1634654
6560515,1637421
6559500,1636000
6561500,1639850
6564775,1634357
6562979,1633592
6563274,1639041
6565750,1634000
6565278,1634377
6559152,1636626
6580163,1629048
6584400,1569750
6584501,1569869
6584526,1569842
6584500,1569857
6584487,1569836
6584479,1569935
6584516,1569842
6570400,1614875
6570399,1614863
6570422,1614901
6570392,1614915
6570391,1614889
6571917,1613830
6568511,1615725
6564823,1619690
6570840,1630053
6559679,1613419
6554510,1619435
6555581,1609712
6558755,1608257
6562165,1610800
6562165,1610800
6558348,1616131
6558193,1620687
6570802,1624414
6570088,1620403
6569846,1629509
6569572,1608543
6571078,1609708
6569621,1607823
6566324,1614013
6567908,1612769
6563700,1606350
6564923,1604066
6565600,1604050
6564906,1601954
6565274,1603329
6565274,1603329
6565274,1603329
6589222,1537661
6560410,1551163
6560000,1556600
6546952,1544711
6544594,1558152
6539997,1554691
6537484,1554270
6590014,1563866
6592827,1559645
6592050,1555850
6591836,1555577
6582659,1562791
6582652,1562825
6584113,1563977
6584756,1571238
6573646,1573993
6577331,1570261
6572788,1573953
6572784,1573964
6573297,1575648
6573304,1575645
6573297,1575642
6588847,1516883
6589092,1521666
6565020,1593500
6565030,1593480
6566800,1591600
6565300,1592000
6562200,1594000
6561148,1602767
6569944,1602151
6551897,1603927
6551890,1603920
6556210,1602674
6556202,1602876
6549965,1602457
6550445,1602926
6555890,1606287
6553091,1600938
6551242,1601439
6553378,1599958
6555723,1582045
6583160,1540405
6583720,1540950
6583730,1541014
6583731,1541002
6535927,1599001
6538364,1546057
6526815,1551670
6589638,1530327
6589640,1530312
6589613,1530301
6530847,1582421
6549794,1584002
6517057,1567464
6532000,1557300
6546277,1536166
6533464,1576516
6533466,1576516
6530562,1571393
6532750,1572750
6528017,1584686
6595819,1572129
6584000,1579000
6589460,1575264
6564162,1629179
6566687,1633288
6569534,1607853
6570709,1606898
6573646,1573993
6551200,1601400
6515100,1569675
6591418,1547016
6539657,1543920
6537481,1554278
6589612,1530329
6592501,1557944
6592482,1557993
6525626,1570498
6571500,1608000
6581118,1580912
6561200,1610925
6584575,1554320
6533450,1576550
6573345,1601190
6561440,1639830
6584800,1569800
6515000,1569750
6515000,1569750
6515000,1569750
6583160,1540405
6533509,1576488
6534589,1574537
6512673,1553701
6513794,1554060
6513859,1554036
6547514,1625359
6586589,1549401
6581118,1580912
6526814,1551680
6560975,1616058
6584938,1565555
6589604,1530284
6587507,1544833
6587507,1544834
6587507,1544834
6587506,1544834
6558656,1633843
6515100,1569675
6515050,1569775
6586597,1549336
6515100,1569675
6571114,1642303
6540597,1618646
6569597,1616912
6583160,1540405
6583160,1540405
6583160,1540405
6558827,1513401
6514950,1569650
6514950,1569650
6547141,1599726
6544320,1615364
6555935,1636852
6532873,1573444
6531200,1548922
6565600,1604125
6585381,1551086
6563850,1606575
6576712,1591031
6576455,1541774
6585407,1540997
6543101,1544584
6584650,1570100
6533941,1571710
6576652,1541117
6537250,1520750
6558530,1612083
6525722,1570807
6590613,1547173
6589585,1530305
6561213,1635875
6559550,1616400
6544438,1533985
6308943,1424520
6308946,1424522
6308949,1424521
6303103,1422290
6313433,1420558
6292663,1425234
6291073,1424800
6296798,1438126
6298925,1432500
6306072,1439484
6306116,1451735
6273750,1453250
6286006,1443781
6280466,1445081
6290750,1446350
6294282,1442881
6342522,1436809
6315194,1444899
6317262,1441484
6319832,1443707
6328975,1440224
6327628,1449977
6320678,1457575
6320678,1457575
6318900,1453100
6320244,1486743
6302498,1375799
6312027,1389480
6312027,1389469
6315145,1388897
6310263,1389278
6323725,1391357
6287346,1380054
6287346,1380054
6302550,1385750
6303832,1388308
6287068,1375107
6288415,1375832
6281042,1390822
6305447,1399722
6305447,1399720
6303983,1399696
6291828,1387779
6288099,1385148
6298836,1390375
6320719,1386551
6322887,1376622
6339327,1377427
6345283,1347774
6345284,1347783
6339080,1380375
6339570,1379010
6341050,1368675
6316579,1361646
6388350,1404570
6319296,1407198
6319271,1407214
6319280,1407190
6325400,1405600
6326835,1409055
6331405,1393350
6328910,1401020
6341134,1393791
6344050,1393305
6363280,1391155
6382004,1427970
6369451,1428768
6369451,1428768
6355320,1443550
6365112,1421933
6371635,1437750
6342340,1448330
6357249,1435743
6355120,1426660
6377655,1408450
6364800,1428475
6364900,1429330
6365380,1434080
6363556,1437254
6361903,1437240
6359654,1419614
6359654,1419614
6359654,1419614
6360600,1421325
6366240,1466680
6369250,1464200
6364550,1470525
6364350,1470520
6364090,1471965
6363850,1466450
6377070,1446055
6380815,1446300
6361723,1443512
6361723,1443512
6359695,1441170
6362325,1449100
6362325,1449100
6364160,1446900
6364080,1446800
6366020,1442200
6372025,1462241
6368150,1461800
6367500,1456070
6367500,1456070
6367490,1456075
6367509,1456076
6367509,1456076
6367509,1456076
6366789,1457333
6374595,1456665
6364450,1456500
6371145,1455770
6395364,1386516
6376008,1372433
6376008,1372433
6376008,1372433
6400266,1427263
6409943,1399522
6406172,1417452
6401975,1409230
6438185,1423285
6435482,1413648
6437721,1413985
6437721,1413985
6437721,1413985
6410640,1443550
6432211,1443334
6429910,1447708
6393870,1450255
6404753,1440655
6403860,1447720
6407490,1444730
6384720,1460429
6386945,1460134
6387008,1460254
6391545,1450644
6385519,1455141
6385711,1455376
6387733,1450354
6381770,1457780
6378360,1457130
6378010,1457080
6423423,1535583
6440037,1531378
6442850,1527500
6432512,1539585
6431599,1541192
6432100,1541500
6354733,1502928
6354733,1502928
6355850,1502300
6337642,1513243
6337642,1513243
6329747,1521241
6286827,1529527
6297359,1533391
6297362,1533365
6295014,1529448
6281338,1533729
6281338,1533729
6281338,1533729
6271086,1519502
6278956,1525771
6278956,1525771
6278950,1525759
6278947,1525760
6278947,1525760
6278409,1522302
6302400,1385850
6413700,1401700
6287346,1380054
6281500,1533500
6281300,1533500
6290750,1422600
6278950,1525759
6278950,1525759
6278950,1525759
6278950,1525759
6340000,1380000
6294140,1388021
6273000,1383000
6281500,1533400
6261094,1363130
6406184,1398477
6407750,1402275
6436673,1413319
6345515,1371860
6435519,1413674
6381420,1458303
6488083,1381560
6510850,1391000
6496514,1399741
6502515,1384772
6494500,1392450
6504368,1402951
6491652,1394524
6499714,1395737
6508513,1384490
6508541,1384449
6508468,1384500
6507665,1384113
6507159,1384775
6522143,1397418
6509031,1385369
6498324,1389214
6517500,1384000
6495198,1341526
6495217,1341529
6494522,1340634
6479738,1330980
6479725,1330957
6479738,1330956
6479738,1330980
6479738,1330980
6479738,1330980
6479738,1330980
6479738,1330980
6479738,1330980
6479738,1330980
6476066,1334586
6476070,1334599
6484541,1339390
6485083,1337670
6484849,1337965
6507432,1348547
6497757,1338844
6497754,1338853
6497764,1338864
6497124,1337817
6489120,1341818
6489164,1341795
6489130,1341826
6489164,1341795
6495435,1337105
6495439,1337115
6495410,1337149
6498708,1340964
6498712,1340955
6472289,1337417
6491659,1358670
6491716,1358758
6491709,1358700
6491705,1358715
6491710,1358710
6489774,1354891
6490000,1360020
6482352,1349625
6482373,1349672
6478250,1345500
6495185,1366183
6461729,1347320
6456415,1348709
6466173,1340918
6470338,1342542
6463267,1351241
6464103,1351367
6476177,1344462
6476169,1344439
6476167,1344437
6476171,1344439
6476136,1361624
6475950,1361400
6476053,1352136
6469606,1352171
6472624,1351957
6468458,1374054
6480143,1374184
6472400,1365750
6475334,1374280
6469773,1359596
6466675,1372109
6466000,1371000
6465575,1371300
6462804,1376257
6460706,1381578
6463734,1390608
6459590,1367823
6459590,1367823
6465674,1369923
6459828,1370572
6458436,1377447
6458445,1377483
6469385,1380745
6459347,1365168
6459347,1365168
6458150,1373440
6460458,1376813
6472074,1385095
6471100,1397289
6472539,1310393
6471283,1308635
6476934,1323328
6476941,1323327
6475160,1314188
6477435,1320700
6506371,1384352
6482803,1320767
6479178,1325016
6479164,1325017
6479802,1310910
6459883,1367808
6476625,1316039
6472187,1318131
6473228,1318528
6472251,1317610
6467272,1321934
6471075,1330005
6475881,1329089
6473135,1326317
6473224,1326374
6473224,1326374
6452291,1323565
6449965,1324473
6466336,1328661
6461081,1327835
6454977,1341846
6455134,1343754
6450423,1335677
6443151,1357463
6442759,1359400
6458693,1359620
6450701,1363186
6450765,1363336
6440650,1364750
6440800,1365150
6440955,1363387
6440905,1364067
6441019,1367488
6441019,1367488
6447216,1389522
6450582,1376520
6442010,1378085
6442010,1378085
6442010,1378085
6442010,1378085
6445417,1371526
6445425,1371526
6445425,1371526
6441600,1370250
6459768,1301345
6444093,1328246
6443534,1328169
6443636,1332889
6443644,1332888
6432143,1314201
6441224,1331627
6434147,1339158
6418446,1342425
6422600,1356725
6419706,1351153
6416606,1347786
6425701,1356091
6410460,1340444
6410157,1338152
6415361,1350083
6415363,1350083
6415377,1350093
6415950,1350080
6417009,1351338
6424836,1362978
6424835,1362967
6425621,1363472
6419661,1364268
6420879,1361191
6421313,1360468
6422925,1360630
6428317,1364713
6430919,1365744
6431549,1366059
6430924,1365751
6434772,1367067
6437929,1367395
6438000,1367500
6438721,1369152
6438700,1369100
6416744,1359361
6412544,1357671
6377163,1313483
6384735,1343826
6389165,1353128
6386414,1361979
6385453,1363434
6377886,1338631
6378793,1339562
6375052,1349104
6402647,1263453
6421840,1362038
6421842,1362046
6474543,1372170
6432240,1361738
6432243,1361757
6514665,1399956
6514260,1396368
6493470,1394991
6493942,1388158
6520885,1410495
6481795,1354413
6502379,1373114
6495173,1366195
6476177,1344462
6476130,1361550
6476050,1361575
6475321,1374139
6475321,1374139
6452300,1367450
6458466,1377456
6469400,1380755
6461480,1374510
6477266,1405261
6471099,1397266
6470602,1321631
6464383,1322027
6461305,1335053
6451591,1336175
6435350,1364450
6458750,1389500
6446640,1385920
6470750,1294850
6440175,1284450
6440175,1284450
6440175,1284450
6440175,1284375
6440100,1284375
6440100,1284375
6440100,1284375
6440175,1284450
6440225,1284175
6440100,1284370
6440100,1284370
6440100,1284370
6440100,1284370
6440190,1284260
6440250,1284250
6440250,1284200
6419119,1303182
6443108,1336842
6424862,1362984
6413464,1365245
6398865,1306145
6420748,1335303
6412938,1327266
6394926,1353283
6395790,1358275
6348323,1321864
6440175,1284375
6440175,1284375
6440250,1284250
6440250,1284250
6440229,1324349
6467124,1307286
6467124,1307286
6440300,1284400
6440025,1284325
6439990,1284290
6440125,1284525
6440250,1284250
6440200,1284260
6440180,1284225
6440180,1284225
6440180,1284225
6440175,1284250
6440180,1284225
6440180,1284225
6440180,1284225
6440180,1284225
6440180,1284225
6440180,1284225
6440170,1284300
6440100,1284370
6440175,1284290
6440175,1284290
6440175,1284290
6440100,1284370
6440050,1284475
6440175,1284290
6479738,1330980
6476000,1361400
6440050,1284475
6495417,1337138
6491709,1358699
6482610,1345690
6476175,1361800
6475950,1361760
6475950,1361760
6450019,1381392
6440920,1329441
6440100,1284225
6439975,1284350
6476260,1361750
6497671,1360960
6476130,1361550
6476130,1361550
6476130,1361550
6476130,1361550
6440550,1364880
6491708,1358696
6465896,1291858
6432190,1314234
6435556,1367346
6507961,1371358
6507961,1371358
6482763,1320802
6439975,1284270
6439975,1284270
6440060,1284360
6440060,1284360
6440060,1284360
6583427,1598196
6583417,1598187
6583494,1598392
6580390,1599095
6580725,1599150
6580150,1599600
6580700,1599100
6587146,1595880
6583430,1598322
6588100,1600150
6584350,1603650
6583234,1604663
6573999,1610790
6575300,1609400
6578416,1606527
6575667,1606279
6575677,1608845
6587111,1605137
6588248,1603461
6587122,1607806
6587108,1607800
6587129,1607801
6587121,1607808
6587119,1607808
6587108,1607796
6586808,1607947
6586647,1606823
6590150,1607250
6581461,1607518
6581550,1607350
6582452,1608800
6584106,1609631
6582488,1608897
6585200,1606161
6585201,1606169
6583250,1607425
6579050,1610497
6582658,1610754
6579503,1611876
6579970,1609500
6580222,1609556
6580026,1609986
6579579,1615821
6579582,1615839
6579583,1615849
6579589,1615823
6579606,1615820
6580350,1618000
6577921,1617259
6580402,1628940
6580377,1628605
6583775,1621213
6582685,1621811
6581872,1621780
6581758,1621747
6581754,1621752
6582950,1619220
6587527,1619707
6587543,1619675
6587543,1619675
6587543,1619675
6587553,1619689
6587543,1619675
6587543,1619675
6587500,1619750
6588251,1620266
6585300,1619300
6588500,1620200
6590906,1618908
6590906,1618908
6589390,1619920
6589460,1621288
6589400,1621286
6586218,1623330
6586218,1623330
6586918,1617828
6585360,1620204
6585360,1620204
6589391,1617324
6589391,1617323
6588984,1616707
6586900,1612650
6588233,1614445
6588233,1614445
6588531,1615773
6588524,1615770
6591251,1616658
6590500,1614500
6590500,1614500
6588672,1616323
6595907,1619824
6595912,1619830
6593117,1621742
6597350,1619800
6598200,1620600
6595847,1619149
6595394,1622180
6594049,1623578
6594547,1618875
6596700,1618150
6600430,1616810
6600430,1616810
6600990,1617825
6599075,1618250
6598915,1617623
6598900,1617650
6598904,1617629
6599300,1616700
6599884,1616814
6600400,1618575
6602378,1618572
6601754,1618257
6599908,1618618
6599906,1618630
6600063,1618167
6600075,1618150
6583466,1626220
6584938,1625896
6586352,1625527
6582448,1626178
6582600,1626350
6582981,1625952
6587192,1624237
6589524,1626700
6589522,1626714
6589522,1626714
6589240,1625924
6589750,1626800
6589725,1626950
6598848,1627554
6596572,1632002
6597740,1626885
6597705,1626847
6597719,1626859
6597500,1626825
6597540,1626765
6597500,1626800
6599384,1626509
6597786,1625197
6596304,1625336
6596270,1625326
6597669,1625240
6597660,1625228
6594805,1624391
6594825,1624666
6595375,1625075
6597906,1627100
6597760,1626945
6597050,1625825
6597050,1625825
6597050,1625825
6597050,1625825
6597050,1625825
6597050,1625825
6597009,1630179
6597020,1630154
6600684,1624808
6600642,1624892
6598300,1629325
6597400,1626308
6599840,1627890
6599837,1627901
6594460,1635621
6594448,1635620
6596300,1635600
6595046,1635677
6587998,1641250
6589553,1637468
6585652,1632134
6583463,1654592
6601192,1640319
6600981,1640621
6598317,1641865
6608174,1659297
6608227,1659255
6615425,1653150
6607221,1638404
6607217,1638415
6607260,1638437
6606753,1637757
6606753,1637757
6606740,1637750
6607337,1639146
6607337,1639146
6607672,1639455
6603050,1637700
6612431,1641624
6611600,1640550
6602650,1638350
6603738,1638946
6602676,1637777
6613140,1642190
6608812,1635635
6608811,1635597
6608799,1635581
6611397,1635849
6604195,1633711
6604160,1633693
6604160,1633704
6604161,1633698
6604189,1633712
6604189,1633712
6602552,1633703
6602552,1633704
6601648,1633241
6604057,1632341
6604842,1633564
6603409,1628356
6603420,1628370
6603424,1628359
6603420,1628370
6603420,1628370
6603420,1628370
6603420,1628370
6603429,1628350
6603420,1628370
6603374,1628393
6603420,1628370
6603550,1628475
6601656,1627276
6601657,1627258
6604531,1623786
6604075,1623800
6602953,1624451
6602953,1624451
6603316,1624661
6603153,1624577
6606098,1632806
6606050,1632800
6604773,1626095
6604675,1626074
6605990,1624953
6604725,1626382
6605064,1631674
6605093,1631675
6605046,1631450
6606700,1628715
6605821,1623663
6605850,1623800
6605611,1623685
6606401,1623758
6604826,1623320
6604562,1623157
6604473,1630500
6604628,1625354
6601688,1621788
6601701,1621782
6601686,1621794
6601675,1621814
6601680,1621816
6601695,1621792
6601706,1621787
6601699,1621783
6601690,1621782
6601719,1621794
6601684,1621805
6601684,1621805
6601790,1622886
6602319,1622398
6600249,1623422
6600249,1623431
6600437,1623073
6601442,1624615
6603830,1619834
6603856,1619883
6603350,1621350
6602811,1620847
6603994,1619441
6602838,1619938
6604180,1622283
6602999,1620421
6600460,1618825
6600445,1618861
6600450,1618837
6605800,1620250
6605800,1620250
6605958,1620577
6605253,1621850
6605253,1621850
6603933,1620426
6603617,1620346
6603189,1620333
6603350,1620250
6603350,1620250
6601979,1619327
6601182,1618883
6600978,1618982
6608717,1621107
6608730,1621099
6608753,1621110
6608781,1621129
6608742,1621110
6608732,1621112
6608732,1621112
6608734,1621098
6608732,1621112
6612188,1621438
6610814,1621344
6608219,1621860
6609226,1621001
6609149,1621006
6607618,1621965
6607614,1621961
6607610,1621962
6607600,1622050
6607632,1621461
6607630,1621300
6607630,1621300
6606916,1621382
6607600,1622050
6606968,1621120
6611987,1623511
6612200,1623325
6610217,1622093
6612052,1622472
6607725,1622550
6611990,1623578
6611743,1626735
6611000,1626700
6610900,1626550
6609627,1626151
6612277,1625934
6612330,1626013
6612328,1626263
6611596,1625682
6611659,1630126
6611659,1630133
6611664,1630148
6611651,1630123
6610576,1629557
6610779,1629150
6610900,1629100
6611795,1630466
6610526,1629962
6610497,1629937
6611700,1629450
6611650,1630075
6611005,1628527
6613650,1633298
6614736,1634215
6614736,1634215
6617255,1631963
6611406,1631810
6611490,1631820
6617703,1631679
6618449,1626285
6618451,1626323
6618459,1626293
6617340,1626480
6623220,1628805
6623254,1628751
6623235,1628770
6621816,1630152
6621469,1629599
6621472,1629599
6621816,1630152
6621471,1629600
6621473,1629600
6621472,1629600
6623550,1630600
6623450,1630400
6623450,1630400
6620742,1625899
6620820,1630915
6624466,1626765
6620708,1624922
6620470,1624915
6623280,1623788
6623326,1623814
6622550,1623500
6622093,1622305
6612453,1608240
6612484,1608194
6612468,1608191
6612491,1608226
6612491,1608226
6612457,1608240
6612481,1608127
6612483,1608134
6612483,1608134
6612483,1608134
6612333,1608080
6612299,1608122
6612238,1607938
6612265,1607859
6612310,1607846
6612235,1607721
6612243,1607726
6612243,1607726
6612243,1607726
6612243,1607726
6612243,1607726
6612243,1607726
6612243,1607726
6612200,1607750
6612150,1608125
6612150,1608125
6612200,1608150
6612100,1608100
6574002,1610780
6612310,1607810
6615992,1603567
6616018,1603574
6615550,1609500
6613237,1609798
6613244,1609614
6613366,1609092
6610050,1617907
6610054,1617902
6610050,1617907
6610050,1617907
6610054,1617902
6612019,1616273
6610800,1617300
6607542,1615326
6607594,1614398
6607830,1615238
6607613,1615626
6607542,1615326
6607700,1615200
6606032,1618236
6608299,1618279
6609373,1617364
6609481,1619389
6609750,1618000
6609750,1618000
6610025,1618550
6615178,1617150
6615205,1617075
6615195,1617150
6614043,1615358
6614468,1617110
6613800,1613750
6610700,1612700
6617984,1615263
6617850,1615350
6617696,1615075
6617924,1615179
6616987,1613405
6616988,1613423
6614575,1613400
6614575,1613400
6619679,1616047
6619697,1615973
6619689,1615975
6615275,1613800
6615275,1613800
6616398,1614533
6616403,1614540
6614353,1612441
6615836,1615589
6619554,1607248
6619648,1606727
6619585,1607840
6619645,1607860
6619172,1606440
6622153,1608817
6620453,1607713
6623687,1605767
6620300,1607100
6620683,1610196
6620450,1609950
6620244,1609607
6620244,1609607
6622960,1612209
6624510,1611845
6620954,1610803
6621041,1611018
6622084,1609424
6622650,1609870
6622568,1609910
6621200,1610450
6624879,1611357
6625776,1608151
6626157,1609238
6632532,1614207
6633117,1614128
6633104,1614110
6633248,1613994
6630857,1614116
6632560,1610904
6632600,1611000
6632663,1610797
6631690,1612020
6630165,1614757
6631389,1615437
6631853,1614267
6626625,1613422
6627742,1624380
6627739,1624355
6627112,1625561
6626908,1625533
6628100,1627250
6626850,1632600
6625541,1635327
6621616,1632124
6621666,1634337
6621505,1636742
6621551,1637190
6617254,1637314
6616350,1637450
6616650,1637500
6618895,1637332
6618121,1643190
6615596,1636835
6615862,1636685
6626605,1638222
6628326,1645357
6628322,1645325
6628332,1645281
6628529,1645728
6626784,1651659
6622569,1650291
6626906,1648726
6626750,1648400
6621500,1657876
6619350,1662550
6619350,1662550
6621270,1662098
6622222,1655493
6628126,1661355
6628126,1661370
6628000,1662600
6625665,1662998
6630058,1662717
6628681,1663119
6638087,1664403
6638093,1664395
6638093,1664395
6638093,1664395
6638093,1664395
6642711,1666625
6641046,1665405
6627628,1653212
6627657,1653206
6627662,1653209
6627649,1653218
6627649,1653218
6627640,1653218
6627640,1653218
6627640,1653218
6627640,1653218
6627640,1653218
6627640,1653218
6627640,1653218
6627640,1653218
6627640,1653218
6627640,1653218
6627640,1653218
6627640,1653218
6627649,1653218
6627950,1653100
6627908,1653026
6631255,1659255
6631255,1659255
6631255,1659255
6631255,1659255
6631255,1659255
6631255,1659255
6633700,1658800
6632378,1658332
6635159,1654590
6635514,1654524
6632915,1654850
6632914,1654849
6632538,1654391
6632443,1654332
6636619,1659656
6636619,1659656
6636619,1659656
6636624,1659721
6637450,1661150
6632606,1666288
6633137,1665327
6633706,1661647
6644084,1662075
6641243,1661143
6644829,1662680
6646773,1662180
6644549,1649449
6644350,1649350
6644950,1649200
6645050,1647000
6644776,1643931
6644785,1643937
6645124,1636497
6656389,1666858
6656350,1666750
6673398,1645264
6666000,1644500
6679996,1633192
6681432,1631941
6683010,1632478
6691950,1640200
6692000,1638000
6688046,1627964
6688046,1627964
6596016,1612112
6596550,1612350
6603118,1611010
6603118,1611010
6603250,1610900
6603250,1610900
6601500,1611700
6601841,1610724
6601816,1610675
6607642,1610872
6607664,1610853
6604650,1609500
6601731,1609826
6599824,1603154
6599828,1603148
6599828,1603148
6601082,1604576
6600913,1603424
6600885,1603355
6601771,1601396
6602100,1600353
6600700,1600700
6609095,1604326
6608050,1604550
6608050,1605550
6610435,1606574
6608593,1603835
6603553,1597173
6603517,1597108
6605170,1595805
6605800,1596450
6605010,1595166
6605010,1595158
6605010,1595170
6606200,1597550
6606981,1595034
6605550,1597550
6610332,1595075
6611000,1595650
6611000,1595650
6610956,1595692
6609506,1594653
6609841,1596267
6613484,1594801
6613440,1594820
6613437,1594839
6613491,1594810
6614350,1593650
6614350,1593650
6614350,1593650
6614350,1593650
6613379,1595645
6612851,1601839
6613250,1600963
6613050,1599650
6613281,1599966
6613812,1599511
6612039,1602565
6612467,1601631
6611987,1604551
6612708,1604151
6616652,1598199
6615897,1599593
6615800,1599700
6616699,1597339
6615487,1598104
6615500,1598100
6615247,1597375
6613525,1595802
6615232,1597450
6615100,1597300
6618213,1597777
6618200,1597650
6617917,1598066
6617899,1598122
6621928,1602417
6621948,1602392
6621935,1602380
6621927,1602368
6623400,1599600
6622087,1600009
6622040,1600225
6622222,1598832
6621734,1598889
6622661,1599540
6624037,1603642
6622255,1599242
6596406,1579752
6598077,1574767
6597780,1575074
6598173,1586230
6601100,1585940
6601077,1585941
6601100,1585940
6601100,1585940
6601100,1585940
6598700,1589450
6600997,1584968
6601100,1585940
6601205,1584913
6602434,1585198
6602875,1587600
6602875,1587600
6603376,1587201
6601158,1583043
6601156,1583055
6601163,1583050
6601000,1583250
6601335,1583748
6599861,1582688
6599800,1582700
6599800,1582700
6602788,1590218
6605996,1581195
6605978,1583097
6604620,1575490
6605282,1577467
6607048,1576114
6606306,1585724
6606306,1585724
6606997,1585968
6607008,1585970
6607008,1585970
6605691,1584380
6604227,1584821
6604547,1584894
6607613,1586273
6611900,1580150
6611900,1580150
6610921,1581750
6609450,1584800
6609374,1585203
6607024,1583681
6608050,1583100
6608098,1583041
6612714,1583002
6609543,1579763
6608726,1575132
6608650,1575050
6609654,1574478
6609350,1574500
6617150,1586500
6616600,1586150
6617838,1587552
6616562,1585822
6618125,1585960
6616588,1585210
6616482,1586200
6616486,1586187
6616500,1586250
6616201,1581975
6615906,1582772
6617254,1580338
6613799,1581522
6614587,1582079
6613848,1571921
6613850,1571900
6615000,1572000
6617347,1568833
6611127,1573102
6611134,1573100
6611003,1572661
6620996,1569968
6620989,1569970
6621271,1569945
6616300,1568400
6619339,1572147
6619482,1572025
6611093,1574360
6605092,1568168
6603133,1568877
6605850,1568750
6605850,1568750
6607583,1563473
6608169,1567554
6608171,1567538
6608169,1567554
6608169,1567555
6608169,1567555
6608200,1567625
6613186,1566783
6613428,1567306
6613432,1567291
6616048,1565030
6614617,1565116
6614625,1566725
6615542,1564071
6614257,1568222
6614236,1568348
6613547,1565574
6618455,1558844
6619959,1565927
6620790,1566597
6618156,1562684
6622675,1575286
6622661,1575280
6623087,1575453
6623350,1574750
6623465,1574935
6625563,1574820
6623260,1582340
6623260,1582340
6623261,1581218
6623261,1581218
6621111,1583489
6621945,1582867
6619817,1588928
6619814,1588948
6619493,1590658
6617797,1592186
6616959,1592528
6617450,1592575
6617450,1592575
6619958,1592536
6621450,1594600
6621243,1595251
6621250,1595325
6620752,1594561
6620650,1594550
6622373,1594658
6623761,1594416
6622100,1594425
6623560,1594519
6622888,1592115
6621609,1584282
6621600,1584300
6623700,1586725
6626540,1576880
6626540,1576880
6626520,1576830
6628485,1575964
6626433,1581394
6626452,1581576
6626671,1574854
6626606,1575366
6628018,1599369
6627999,1599369
6629832,1595918
6627222,1598759
6628874,1598176
6628860,1598180
6627089,1595827
6627098,1595832
6627845,1594481
6628252,1591040
6628252,1591040
6628252,1591040
6628252,1591040
6628167,1591098
6628197,1590893
6628790,1590300
6625872,1590017
6626000,1589840
6627300,1592650
6630161,1590582
6630100,1590580
6626591,1592550
6628672,1589289
6627200,1590850
6625825,1593100
6626116,1592845
6630035,1586700
6625351,1586481
6627736,1589055
6625975,1586000
6628609,1588974
6627000,1589225
6626950,1589250
6625650,1582950
6632382,1588198
6631388,1587808
6631289,1587770
6633909,1587061
6633900,1587000
6631010,1591143
6635442,1584774
6635435,1584773
6635435,1584773
6635530,1584775
6636256,1584417
6636198,1584306
6636250,1584125
6634010,1586150
6633153,1586380
6640966,1582025
6640434,1583058
6631139,1600474
6631139,1600474
6631701,1598773
6633530,1593821
6637825,1599750
6636750,1599600
6636281,1600744
6636345,1600720
6632407,1601366
6637821,1596300
6637367,1596086
6637031,1598078
6637742,1595831
6637359,1596101
6638531,1591323
6637537,1591756
6639397,1589397
6641673,1587962
6639500,1591075
6638100,1591400
6639072,1587459
6641703,1594931
6640837,1594978
6644387,1595487
6641250,1594975
6645900,1593150
6648093,1590460
6648139,1590437
6649336,1589287
6649552,1589166
6648856,1589586
6646443,1592155
6639052,1602466
6639052,1602466
6639052,1602466
6639052,1602466
6639048,1602454
6639048,1602454
6639048,1602454
6639024,1602510
6639048,1602454
6639032,1602525
6639048,1602454
6639022,1602506
6639036,1602528
6639030,1602521
6639100,1602500
6639235,1602630
6639225,1602610
6639225,1602610
6639225,1602610
6639219,1602602
6639100,1602512
6638975,1602400
6639100,1602500
6636435,1608750
6636459,1608774
6635463,1608071
6635549,1608342
6639862,1608079
6637349,1609470
6637130,1607066
6638425,1608325
6638510,1608565
6633950,1609125
6635900,1610600
6638161,1610189
6637945,1610020
6636513,1607552
6641117,1605339
6641130,1605340
6641121,1605361
6641181,1605316
6641173,1605316
6641164,1605316
6641158,1605316
6641102,1605359
6641117,1605339
6640720,1605925
6640623,1605999
6640623,1605999
6642186,1605343
6637800,1606600
6640790,1604473
6642537,1607611
6643098,1607407
6643562,1604533
6644650,1604475
6643643,1602252
6643667,1602218
6643650,1602100
6645200,1602950
6642281,1600634
6649950,1604325
6646040,1603657
6644250,1602750
6639209,1614862
6639170,1614893
6639209,1614862
6640063,1613203
6640070,1613197
6639894,1613117
6639321,1612568
6639100,1612000
6639300,1615050
6639307,1614280
6636833,1612062
6637098,1614953
6640814,1611735
6649630,1615918
6649642,1615913
6649617,1615924
6644388,1614884
6644377,1614888
6651571,1618680
6649457,1616565
6644473,1617110
6650325,1613675
6648910,1612814
6647190,1616506
6648400,1612470
6654403,1614682
6649847,1600604
6649764,1600608
6649769,1600615
6652724,1601240
6652800,1601100
6649585,1601476
6652934,1602093
6652334,1603196
6649200,1600850
6650776,1605707
6648550,1602375
6651346,1602371
6651625,1602225
6656203,1606857
6656203,1606857
6656319,1606899
6656310,1606905
6660100,1607525
6656543,1604988
6653809,1606762
6651827,1606730
6659442,1604033
6659397,1604055
6659416,1604052
6659450,1604025
6657400,1615650
6659095,1602987
6661006,1601028
6661965,1603417
6659355,1601013
6656623,1601883
6656900,1602250
6657733,1597403
6657732,1597411
6657729,1597421
6657727,1597432
6657731,1597422
6657730,1597360
6657621,1597259
6659200,1593550
6658997,1593322
6654720,1597859
6659050,1596700
6659712,1596728
6655224,1598959
6656322,1598872
6661844,1596098
6657309,1597674
6663454,1602113
6667218,1595747
6671945,1593677
6662800,1603700
6662979,1601182
6646132,1594572
6646134,1594565
6646116,1594604
6646426,1594105
6647413,1592938
6646969,1594793
6648692,1596352
6648685,1596376
6648685,1596376
6648685,1596376
6648685,1596376
6648673,1596312
6648685,1596376
6648692,1596352
6646710,1598028
6646700,1598030
6647322,1597665
6647340,1597670
6650750,1597200
6648763,1598324
6651635,1598361
6651100,1598550
6650600,1598850
6650750,1598800
6647093,1599603
6647050,1599700
6647500,1595800
6649850,1595923
6650154,1596336
6649140,1600795
6648050,1597440
6648050,1597440
6646400,1596400
6646665,1596250
6646675,1596230
6646650,1596339
6646600,1596450
6647600,1600100
6647600,1600125
6648261,1593675
6649300,1594700
6647730,1594475
6647746,1594467
6654509,1595399
6654516,1595413
6656020,1590471
6652922,1596195
6653500,1596850
6657340,1596570
6656500,1589500
6653400,1596000
6654100,1594725
6658631,1596044
6655976,1596327
6655500,1596152
6655500,1596152
6655246,1595891
6656538,1620559
6657834,1625972
6657796,1626006
6658977,1626281
6662299,1626050
6662182,1626054
6662286,1626046
6662286,1626046
6661840,1625750
6659300,1624500
6675500,1632400
6674100,1621500
6672860,1621608
6673731,1608712
6678951,1620616
6707973,1606732
6719362,1619472
6714797,1611250
6667275,1600190
6668000,1597925
6665771,1600873
6687946,1592051
6687957,1592040
6684285,1591399
6693777,1596039
6704555,1599539
6718426,1590452
6725075,1586055
6722434,1596443
6624662,1567115
6624405,1568067
6629625,1558700
6629117,1565798
6627210,1566073
6627202,1566051
6625351,1558894
6629748,1565325
6627000,1566855
6628981,1563993
6633865,1563201
6638350,1561602
6634550,1563797
6655221,1557726
6621614,1570221
6628200,1571750
6633066,1571278
6633470,1573197
6633431,1573303
6641610,1566890
6645022,1563568
6642620,1564417
6646476,1565450
6646128,1565573
6646117,1565576
6657753,1564714
6667405,1578764
6674088,1576240
6673425,1576630
6674748,1576981
6662911,1559853
6583494,1598392
6580550,1598950
6580725,1599000
6639150,1602550
6612300,1608150
6580500,1598900
6580500,1598900
6623800,1574800
6582352,1623026
6612175,1607900
6612175,1607900
6611000,1583000
6622032,1608705
6622032,1608705
6621100,1630150
6589056,1620535
6626213,1621121
6612075,1595250
6627150,1651850
6626784,1651659
6608734,1621098
6608726,1621115
6608781,1621139
6600429,1616808
6600391,1616823
6600362,1616801
6600391,1616823
6600391,1616823
6600362,1616801
6600430,1616810
6600391,1616823
6600391,1616823
6608169,1567555
6608169,1567555
6608169,1567555
6605981,1635006
6626254,1626539
6615578,1603394
6612926,1604194
6612268,1572850
6579044,1641499
6616991,1626299
6599641,1603135
6612230,1608130
6612400,1608500
6588047,1600232
6600075,1640050
6683100,1648400
6708733,1607009
6600392,1616784
6608853,1635620
6603420,1628370
6621944,1658200
6614329,1565400
6603424,1628359
6639075,1602600
6614329,1565400
6587592,1619687
6612200,1608150
6612200,1608150
6612200,1608150
6612175,1607900
6613460,1571770
6612200,1608075
6648685,1596376
6643338,1602463
6622032,1608705
6620650,1600800
6641083,1598955
6623665,1586678
6612275,1608250
6580650,1599000
6580600,1599000
6612325,1608345
6597910,1625150
6625138,1605653
6590338,1622426
6587545,1619683
6587553,1619689
6608732,1621112
6608732,1621112
6608742,1621121
6603462,1628432
6613811,1605013
6599985,1584310
6622675,1575290
6612330,1608110
6643657,1602235
6604056,1619451
6603820,1619834
6595976,1619788
6601688,1621794
6601680,1621815
6574028,1610862
6622225,1655495
6600392,1616829
6600393,1616831
6627055,1653965
6622344,1601519
6622344,1601519
6622344,1601519
6622344,1601519
6595936,1619787
6588968,1616533
6639266,1602711
6639266,1602711
6610272,1596011
6619067,1626511
6608853,1635616
6608822,1635597
6608662,1635384
6608829,1635622
6606753,1637757
6603845,1619984
6601089,1618900
6639219,1602602
6606753,1637757
6606753,1637757
6606753,1637757
6606753,1637757
6606753,1637757
6609124,1565492
6599834,1603175
6639052,1602466
6639052,1602466
6639125,1602675
6639125,1602675
6639125,1602675
6639246,1602599
6646879,1559594
6654977,1596698
6606753,1637757
6628167,1591098
6612274,1628672
6639125,1602675
6626300,1608600
6613475,1571750
6596746,1631539
6639027,1602516
6639041,1602527
6620691,1610209
6602319,1618529
6613848,1571921
6639225,1602610
6616560,1624270
6587116,1607804
6627640,1653218
6627640,1653218
6627640,1653218
6626369,1626889
6608706,1621116
6639050,1602750
6580750,1628875
6628357,1619501
6580800,1628900
6580800,1628900
6615500,1603840
6612100,1607825
6612100,1607825
6612175,1607900
6586047,1633958
6575400,1609450
6612300,1608350
6612340,1608250
6607626,1615620
6638000,1602800
6573974,1610785
6639155,1613163
6612200,1608075
6612200,1608075
6612200,1608075
6612200,1608075
6612200,1608075
6612200,1608075
6612200,1608075
6612200,1608075
6612200,1608075
6612200,1608075
6615175,1617074
6613760,1619225
6612483,1608175
6612200,1608075
6612200,1608075
6612200,1608075
6612200,1608075
6612200,1608075
6612200,1608075
6612200,1608075
6612200,1608075
6612200,1608075
6612200,1608075
6612200,1608075
6612200,1608075
6612100,1608100
6612100,1608100
6612100,1608100
6612100,1608100
6612100,1608100
6612100,1607900
6648620,1655729
6613652,1633273
6603825,1619890
6652820,1598940
6598000,1587000
6638875,1602925
6604750,1623100
6643643,1602252
6641117,1605339
6603925,1628570
6643646,1602186
6639100,1602500
6590772,1617786
6583425,1598322
6639150,1602375
6612100,1608025
6612200,1608150
6612200,1608150
6612200,1608150
6612200,1608150
6612200,1608150
6612200,1608150
6612200,1608150
6612200,1608150
6612350,1608200
6612350,1608200
6645027,1599083
6589685,1616715
6612200,1608150
6612200,1608150
6612200,1608150
6612200,1608150
6612200,1608150
6612200,1608150
6612200,1608150
6612200,1608150
6612200,1608150
6612200,1608150
6612200,1608150
6612200,1608150
6612200,1608150
6612200,1608150
6573998,1610822
6573997,1610820
6612200,1608150
6612200,1608150
6635318,1584765
6587543,1619675
6639200,1602750
6612200,1608150
6612200,1608150
6612200,1608150
6612200,1608150
6612200,1608150
6612200,1608150
6612200,1608150
6612200,1608150
6612200,1608150
6612200,1608150
6612200,1608150
6612200,1608150
6612200,1608150
6612200,1608150
6612200,1608150
6612200,1608150
6612200,1608150
6612200,1608150
6612200,1608150
6612200,1608150
6612200,1608150
6587553,1619689
6612100,1607975
6612200,1608150
6612200,1608150
6612200,1608150
6612200,1608150
6612200,1608150
6612200,1608150
6580450,1599000
6580500,1598900
6580500,1598900
6643750,1602200
6583042,1625375
6587592,1619687
6587592,1619687
6587592,1619687
6587592,1619687
6587592,1619687
6587592,1619687
6612200,1608150
6606512,1634580
6607248,1638426
6589026,1620520
6617984,1615263
6639325,1602500
6622355,1601500
6639125,1602675
6612130,1607950
6612200,1608150
6612200,1608150
6612200,1608150
6612150,1608125
6612200,1608150
6587591,1619687
6587591,1619687
6587591,1619687
6580725,1628825
6592485,1628279
6594650,1629000
6594775,1624400
6612200,1608150
6639266,1602711
6612200,1608075
6612250,1608200
6639050,1602750
6599256,1530419
6599252,1530417
6608600,1531500
6605024,1531001
6604870,1530880
6610500,1541550
6610500,1541550
6610500,1541550
6607957,1538888
6607919,1538900
6610250,1541600
6610112,1541586
6612512,1547459
6614986,1557721
6609729,1560611
6617899,1552170
6618271,1554319
6620850,1536500
6620900,1536600
6623750,1542300
6620446,1543622
6629700,1536550
6641460,1531939
6639420,1530037
6638200,1536000
6628400,1544700
6637177,1540828
6646147,1545427
6661447,1541009
6672920,1543627
6647500,1526175
6647475,1526175
6609075,1550865
6615726,1545602
6610150,1541550
6549129,1446413
6550632,1447996
6556314,1447651
6559600,1447800
6559600,1447800
6559600,1447800
6559600,1447800
6560783,1452312
6553322,1465820
6525700,1463000
6560374,1483986
6565718,1482736
6565726,1482742
6566113,1477974
6564827,1486950
6570225,1469928
6570225,1469928
6580300,1466750
6564381,1457863
6565323,1452461
6577665,1477040
6577665,1477040
6577674,1477047
6577678,1477017
6577665,1477040
6577678,1477030
6577647,1477075
6577665,1477040
6581598,1476873
6579234,1476446
6575975,1492833
6583692,1491752
6577130,1473370
6579038,1474291
6577665,1477040
6572400,1466175
6572400,1466175
6572375,1466250
6560650,1469500
6575024,1404849
6590375,1387224
6579346,1370450
6620872,1368344
6568674,1329188
6636154,1318718
6578257,1396630
6578257,1396630
6687513,1554698
6687513,1554698
6687761,1554582
6696290,1566958
6696293,1566930
6686431,1568372
6710343,1536526
6704500,1535750
6711992,1551357
6726737,1569009
6726630,1575421
6726888,1566109
6728317,1573796
6721228,1544418
6721560,1544325
6721575,1544387
6721800,1543775
6740000,1575500
6752662,1549407
6752550,1549500
6766163,1575624
6757239,1566194
6754387,1549226
6803818,1533708
6805597,1563204
6803220,1565900
6803150,1565950
6807550,1557100
6844020,1519907
6847201,1559939
6844141,1582267
6849608,1567328
6849549,1567370
6850875,1565213
6850890,1565212
6850900,1562500
6855814,1573565
6855752,1576033
6855760,1540280
6855760,1540280
6855755,1540303
6857175,1514072
6874265,1576240
6850879,1565246
6909808,1580740
6904137,1578346
6907515,1583384
6911750,1564700
6911750,1564700
6911975,1567325
6913435,1565338
6915900,1562400
6922267,1572565
6922276,1572563
6921802,1575113
6924150,1571250
6925582,1570066
6927724,1568524
6927176,1579884
6927176,1579884
6927183,1579898
6930275,1577919
6974300,1614100
6974300,1614100
6730300,1459300
6730300,1459300
6733800,1457350
6676000,1539000
6769000,1431000
6765020,1436670
6791310,1405340
6779760,1427420
6702968,1481623
6907578,1448066
6979709,1433933
6996850,1453000
7008650,1440390
7123500,1582000
6495750,1304500
6482773,1248377
6427315,1269290
6443424,1266722
6475479,1263550
6420400,1270450
6426000,1270500
6441500,1268500
6543879,1239568
6489925,1242250
6420400,1270450
6501000,1253000
6512575,1242500
6513933,1235723
6445268,1259818
6455744,1258356
6314655,1644662
6314655,1644662
6314655,1644662
6318522,1647477
6318522,1647477
6318522,1647477
6318522,1647477
6320928,1648361
6319400,1647950
6319100,1647500
6319407,1652528
6319444,1652511
6319419,1652538
6319419,1652538
6319417,1652508
6319411,1652540
6319417,1652508
6319419,1652538
6319419,1652538
6319416,1652509
6325956,1651461
6326002,1651444
6326002,1651444
6326000,1651447
6326000,1651447
6326024,1651489
6325956,1651483
6330293,1652289
6330293,1652281
6330293,1652281
6330293,1652289
6331500,1651800
6334228,1648875
6334228,1648875
6337014,1653879
6337014,1653879
6337014,1653879
6337014,1653879
6337014,1653879
6337016,1653874
6336625,1653325
6334962,1653183
6335875,1651950
6340195,1652340
6340195,1652340
6340192,1652342
6341000,1652000
6340933,1655693
6340933,1655693
6340933,1655693
6340933,1655693
6340933,1655692
6344675,1653100
6345627,1659277
6345627,1659277
6345627,1659277
6348146,1655070
6348144,1655064
6347600,1655300
6349000,1655000
6342816,1648577
6342833,1648567
6342833,1648567
6342765,1648500
6346516,1646871
6346516,1646871
6350089,1645195
6350088,1645194
6350089,1645195
6350103,1645173
6350091,1645187
6350912,1643387
6353745,1644784
6353745,1644784
6353745,1644784
6353734,1644797
6353381,1648426
6353385,1648424
6353385,1648424
6353728,1651662
6351507,1653036
6353359,1655254
6353362,1655254
6357050,1655380
6357063,1655367
6357050,1655380
6358000,1655750
6353937,1660457
6353937,1660457
6353700,1658850
6354000,1660175
6349614,1663585
6351457,1670145
6350900,1670000
6351550,1670825
6350850,1670550
6347493,1670260
6350600,1672000
6360036,1662014
6361000,1662000
6355737,1664023
6355737,1664023
6355737,1664023
6355737,1664023
6355737,1664023
6355737,1664023
6355737,1664023
6355737,1664023
6355737,1664023
6355737,1664023
6355737,1664023
6355737,1664023
6358014,1667315
6358014,1667291
6359723,1669939
6359300,1671800
6361193,1671398
6365235,1673907
6365235,1673907
6365235,1673907
6365235,1673907
6368304,1680240
6373250,1676000
6373250,1676000
6376493,1674005
6376493,1674005
6376493,1674005
6371250,1668000
6367406,1663786
6372854,1662430
6372854,1662430
6372854,1662430
6370239,1657446
6370239,1657446
6370239,1657446
6370239,1657446
6370239,1657446
6370239,1657446
6371488,1658962
6374216,1659058
6376611,1662850
6376611,1662850
6376611,1662850
6376611,1662850
6379362,1661342
6379374,1661325
6379374,1661325
6381850,1663200
6379991,1666365
6381900,1664250
6385260,1664620
6385260,1664620
6385260,1664620
6385260,1664620
6385260,1664620
6385260,1664620
6385260,1664620
6378723,1671118
6378723,1671118
6378732,1671105
6378732,1671105
6384915,1667113
6384904,1667130
6387149,1675261
6387148,1675261
6387148,1675261
6387149,1675261
6389250,1674750
6359169,1643600
6359169,1643600
6361650,1644125
6364027,1645978
6364096,1645823
6364027,1645977
6363977,1645948
6364027,1645982
6364094,1645823
6368104,1652633
6368104,1652633
6368103,1652681
6372179,1653609
6372179,1653608
6372185,1653604
6372185,1653604
6372198,1653597
6372198,1653597
6372185,1653604
6372185,1653604
6372185,1653604
6372185,1653604
6372900,1651150
6369671,1645235
6369671,1645235
6369671,1645235
6369679,1645222
6370650,1644650
6368981,1645841
6368981,1645841
6374371,1649921
6374371,1649921
6374371,1649921
6374371,1649921
6374371,1649921
6374382,1649933
6370813,1640835
6370725,1640875
6376366,1644199
6379835,1641605
6379835,1641605
6379835,1641605
6379835,1641605
6379835,1641605
6375677,1655082
6375677,1655082
6375677,1655085
6378241,1649996
6375000,1652000
6375000,1652000
6380122,1652180
6382948,1647469
6382948,1647469
6382952,1647477
6386576,1646131
6386572,1646131
6378805,1656803
6378805,1656803
6378810,1656799
6381196,1657934
6382652,1657255
6383190,1654883
6387058,1654211
6387060,1654204
6386115,1655602
6364027,1645982
6364027,1645982
6390361,1658989
6390361,1658989
6389300,1656050
6388792,1662000
6386750,1662000
6389000,1663000
6385272,1659037
6385264,1659053
6390728,1669225
6390728,1669225
6390727,1669230
6390728,1669225
6390728,1669225
6390728,1669225
6393075,1669050
6390378,1666136
6390378,1666136
6394604,1669450
6398541,1668612
6398541,1668612
6398541,1668612
6398541,1668612
6398541,1668612
6398541,1668612
6398541,1668612
6400229,1667823
6395036,1663555
6395036,1663555
6396050,1666850
6399166,1663038
6399166,1663038
6399075,1663100
6397040,1659293
6397040,1659293
6396090,1657474
6399202,1656116
6399202,1656116
6399175,1656050
6398553,1656136
6397669,1655749
6400825,1656175
6401400,1654900
6405788,1660122
6405788,1660122
6410885,1662116
6410885,1662116
6410297,1662809
6406498,1663875
6404760,1667349
6404760,1667349
6404760,1667349
6408320,1665100
6407113,1667071
6399642,1676385
6399641,1676387
6399642,1676385
6399689,1676445
6399200,1676550
6399918,1676404
6397000,1674500
6406281,1674687
6406281,1674687
6406281,1674687
6406295,1674650
6406295,1674650
6406000,1673200
6401600,1679000
6409796,1683824
6409794,1683828
6409794,1683828
6409781,1683832
6410867,1677742
6410867,1677742
6410867,1677742
6410867,1677742
6410867,1677742
6410867,1677742
6410867,1677742
6410867,1677742
6410867,1677742
6410867,1677742
6410867,1677742
6410709,1677639
6411766,1675192
6416400,1671224
6416401,1671231
6416401,1671231
6416401,1671231
6416374,1671176
6416400,1671224
6416600,1674250
6422345,1672606
6422345,1672606
6422345,1672606
6422345,1672606
6422345,1672606
6420268,1682264
6420271,1682266
6416394,1685211
6416394,1685211
6416394,1685211
6416394,1685211
6416394,1685211
6416394,1685211
6412600,1686650
6412600,1686650
6418899,1691045
6418899,1691045
6418900,1691033
6418900,1691033
6418900,1691033
6418900,1691033
6418900,1691033
6426170,1697186
6426123,1697227
6426123,1697227
6426150,1697100
6433903,1698607
6429525,1701067
6428197,1698984
6393635,1648740
6393635,1648740
6393073,1648562
6393073,1648562
6393059,1648530
6393715,1648575
6393450,1648550
6393590,1648600
6390950,1647475
6393496,1648855
6392500,1648100
6393070,1648560
6392000,1648000
6314655,1644662
6314769,1642994
6316000,1646200
6334230,1648869
6340195,1652340
6340192,1652342
6339050,1654400
6340930,1655692
6344865,1654150
6345633,1659280
6342784,1648565
6342816,1648577
6342815,1648584
6350090,1645178
6350091,1645187
6353385,1648424
6354899,1652180
6357061,1655374
6349875,1663196
6351461,1670163
6351461,1670163
6351461,1670163
6351461,1670163
6354296,1669738
6354296,1669738
6376496,1674007
6374229,1659082
6379900,1662500
6388400,1673750
6359298,1643315
6366130,1647900
6378241,1649996
6393405,1648610
6359375,1643275
6388792,1662000
6409781,1683832
6410885,1662116
6369671,1645235
6369484,1670015
6369484,1670015
6369484,1670015
6422345,1672606
6374371,1649921
6398541,1668612
6377787,1660247
6145400,1338900
6149812,1327870
6149660,1327675
6154227,1340112
6162511,1324797
6160750,1333200
6164600,1341350
6164650,1341500
6173850,1332350
6138900,1342050
6145350,1354571
6145224,1348465
6146160,1358344
6144726,1351883
6149871,1352619
6149871,1352619
6149840,1354813
6148899,1357402
6150716,1358351
6154125,1360651
6147191,1361500
6148036,1362807
6152976,1367113
6152774,1367780
6151138,1368488
6151138,1368488
6151138,1368488
6151138,1368488
6151138,1368488
6149959,1370007
6148319,1368885
6148540,1371690
6152866,1370817
6152866,1370792
6152850,1370800
6151300,1377800
6157345,1375898
6174613,1350003
6174641,1350004
6174621,1350003
6174740,1341955
6177164,1342079
6178000,1336000
6178025,1335725
6177450,1335450
6177500,1335750
6178000,1336000
6178100,1335690
6177850,1335750
6177500,1335750
6178550,1335825
6177940,1336025
6178400,1336025
6178000,1335775
6178025,1336000
6178075,1335800
6178075,1335800
6178690,1335850
6177563,1335772
6180626,1331861
6182827,1335448
6185798,1338218
6180786,1328177
6187086,1339375
6191707,1324181
6187950,1336680
6189973,1335689
6189410,1333763
6190787,1329127
6191427,1330203
6191866,1341623
6182382,1348986
6183385,1345818
6183895,1344465
6183895,1344465
6202572,1359065
6198524,1317011
6197090,1339644
6197092,1339646
6224439,1306315
6146500,1394750
6148760,1387061
6150560,1382524
6150256,1400493
6150256,1400493
6156677,1392101
6156383,1396470
6157158,1406332
6157160,1406332
6196550,1388096
6208004,1396766
6208300,1392650
6211300,1410500
6240750,1385100
6291233,1318488
6293525,1319649
6299223,1318382
6303466,1313322
6303472,1313332
6214494,1423741
6215481,1425528
6216750,1425500
6211028,1428020
6230535,1473648
6241418,1450029
6229896,1474987
6220559,1494982
6229859,1492723
6229869,1492748
6229854,1492716
6229869,1492748
6177750,1335775
6178077,1335832
6178025,1335725
6170900,1367800
6155750,1343500
6211293,1313112
6162750,1355200
6220000,1488000
6220000,1488000
6220000,1488000
6373250,1279500
6235650,1300700
6153800,1395500
6173725,1334059
6173725,1334059
6173725,1334059
6173725,1334059
6159500,1394550
6201100,1401390
6177975,1335900
6240625,1369729
6208350,1392787
6202089,1391642
6229705,1377457
6229705,1377457
6229705,1377457
6229705,1377457
6229705,1377457
6229705,1377457
6229705,1377457
6229705,1377457
6229705,1377457
6229705,1377457
6229705,1377457
6229705,1377457
6229705,1377457
6229705,1377457
6229705,1377457
6229705,1377457
6229705,1377457
6229705,1377457
6229705,1377457
6200451,1405466
6200451,1405466
6200451,1405466
6200451,1405466
6200451,1405466
6200451,1405466
6200451,1405466
6200451,1405466
6200451,1405466
6200451,1405466
6200451,1405466
6200451,1405466
6200451,1405466
6168589,1394034
6177950,1335800
6177875,1335700
6177800,1335720
6177875,1335700
6177875,1335700
6178025,1335725
6177800,1335720
6177800,1335720
6177800,1335720
6177700,1335700
6177450,1335650
6178025,1335725
6177975,1335900
6178025,1335725
6177800,1335720
6177800,1335720
6177800,1335720
6177800,1335720
6177800,1335720
6177800,1335720
6177800,1335720
6177800,1335720
6177800,1335720
6177800,1335720
6178025,1335725
6173314,1345141
6177875,1335700
6178000,1336000
6177800,1335720
6177750,1335775
6177900,1335850
6178025,1335725
6178025,1335725
6177875,1335700
6177875,1335700
6177875,1335700
6177875,1335700
6177875,1335700
6177875,1335700
6177875,1335700
6177875,1335700
6178025,1335725
6162225,1400972
6162225,1400972
6162225,1400972
6208500,1392500
6200451,1405466
6200300,1405400
6177163,1342094
6160350,1325650
6198600,1316700
6198600,1316700
6161406,1329440
6162150,1324775
6187298,1359297
6177800,1336150
6193191,1325626
6178000,1335575
6178000,1335575
6178025,1336000
6177875,1335700
6177875,1335700
6186050,1331000
6180902,1330360
6177750,1335775
6177750,1335775
6177525,1335575
6177525,1335575
6177950,1335500
6202083,1391631
6149400,1381700
6178529,1393168
6187902,1330690
6177850,1335775
6177875,1335700
6177975,1335900
6151750,1382100
6217201,1392812
6189064,1331230
6178150,1335850
6177900,1335850
6177875,1335700
6177875,1335700
6178000,1336000
6173725,1334059
6147325,1393650
6147325,1393650
6177800,1335720
6160350,1325650
6322000,1303000
6184791,1328412
6212156,1310361
